Date,Total Sales,Total Spend
2010-01-01,144967.14153011233,96930.4994400852
2010-01-02,137843.26101764038,88224.76463795583
2010-01-03,143218.70368671097,92144.94562528543
2010-01-04,147890.97833907817,90824.81476282969
2010-01-05,124823.69050712096,101033.89584249318
2010-01-06,118158.6304305082,91172.64357501596
2010-01-07,128752.80793007181,97590.64041376369
2010-01-08,112555.48582223523,108429.19872483739
2010-01-09,91924.11760994435,102239.84967481218
2010-01-10,93964.92066086174,88810.28643370159
2010-01-11,76365.82307187539,88765.94161667352
2010-01-12,69677.47820994312,93966.61673224183
2010-01-13,115667.39119214843,77156.09256177084
2010-01-14,93068.46927478253,82261.11767394746
2010-01-15,94014.70023253393,91420.4378032254
2010-01-16,104802.33111352747,85734.32852961752
2010-01-17,99547.54951644197,100074.82291012561
2010-01-18,112149.81428806213,79774.70188454192
2010-01-19,99331.71477365134,75376.2998468068
2010-01-20,93759.70775555249,75338.80350818897
2010-01-21,122069.89901868005,80874.42429003115
2010-01-22,104740.49412525393,78302.11033568156
2010-01-23,107307.40838137259,94962.54563353295
2010-01-24,92062.87188677759,73961.63211105857
2010-01-25,100584.89088632468,76083.48595794087
2010-01-26,106892.62584205461,81033.03063203846
2010-01-27,94061.00735435032,72331.02552887533
2010-01-28,109145.2006930467,76066.11695874817
2010-01-29,99226.01560582068,73644.20752620659
2010-01-30,102183.99130432351,75776.0158729299
2010-01-31,136982.93387770603,57789.61296740263
2010-02-01,160748.6858744416,73302.1916015531
2010-02-02,139606.8460583247,65149.26622289508
2010-02-03,125083.5704854389,66587.08050348391
2010-02-04,138390.67337538622,61339.001119276436
2010-02-05,111291.56350028978,75801.14618787746
2010-02-06,118049.31572504545,47192.75570271768
2010-02-07,88284.43729190838,94624.60326312517
2010-02-08,86337.00098030956,78930.16590756703
2010-02-09,93507.93258369333,95389.2613776678
2010-02-10,91384.66579995412,92986.10861200995
2010-02-11,79048.4585575454,91350.28995823732
2010-02-12,115091.28565260567,89865.32416483706
2010-02-13,112190.23476546761,100573.42462876117
2010-02-14,99478.65865398999,79041.17515102343
2010-02-15,106226.76432199011,79075.99994525999
2010-02-16,108069.47301018835,78453.3971065896
2010-02-17,122578.56322429854,90253.04695650049
2010-02-18,114848.13842454807,73517.14120207181
2010-02-19,93252.34321527806,90795.46952179304
2010-02-20,113654.25102341245,81003.58674668454
2010-02-21,106147.43432595611,75118.37552907942
2010-02-22,102862.90633143377,75007.58385706347
2010-02-23,115427.11663732083,77081.05675622095
2010-02-24,119338.71335653601,71882.58712844923
2010-02-25,118096.20113611793,86858.57469133474
2010-02-26,100178.76789634698,89369.28153857983
2010-02-27,105296.09675107784,90152.56706169726
2010-02-28,111545.03681904436,78248.86737366895
2010-03-01,117856.38007347987,85245.1706699061
2010-03-02,141208.2576215471,82966.02696335822
2010-03-03,143369.31426271406,88107.77616188975
2010-03-04,131678.46856564377,86254.9654014877
2010-03-05,126698.61353419119,83595.62452628647
2010-03-06,141290.48247829633,68983.71122195265
2010-03-07,140062.40028570822,81677.32622106509
2010-03-08,118240.57855919456,83766.19772883748
2010-03-09,120916.46750962638,77734.2489297876
2010-03-10,106235.22171977021,80939.03939175574
2010-03-11,88088.12267895085,73228.79586615643
2010-03-12,90613.95605508416,80582.06366842552
2010-03-13,95715.14141030538,86803.90987472731
2010-03-14,118889.50808538857,98699.48102397144
2010-03-15,133847.70827950057,75459.88752650273
2010-03-16,91066.42751676681,82901.04165743367
2010-03-17,124644.23144968943,75897.37398108313
2010-03-18,116546.33140216793,82443.53343678653
2010-03-19,112017.26745745071,81490.96142996299
2010-03-20,115329.56329421847,89448.54238375179
2010-03-21,94007.05562289647,90542.3186754254
2010-03-22,111216.69245108939,84493.7466020473
2010-03-23,116569.38284523675,82451.67485556714
2010-03-24,127411.06678190852,92248.14860146005
2010-03-25,107127.65156617567,84738.81022236068
2010-03-26,103943.78210264463,94805.84252105531
2010-03-27,106765.82950911058,71220.82229380203
2010-03-28,120724.9643055941,96885.70665708417
2010-03-29,114675.73160618683,78934.11732484451
2010-03-30,105934.80046733834,75466.47697649732
2010-03-31,116233.60313338984,83327.42472563524
2010-04-01,149970.7754934804,74985.07726625433
2010-04-02,157912.35393468113,88030.79260800064
2010-04-03,138721.2873669305,99350.1710834468
2010-04-04,138384.0583090202,105013.53867005474
2010-04-05,132244.14272303277,95473.67858943946
2010-04-06,114864.85051867881,100988.40981537696
2010-04-07,124921.88254564366,103145.33400605746
2010-04-08,116491.69125250504,100677.33582577281
2010-04-09,105669.99603571848,113611.24221790614
2010-04-10,95193.44889125063,105566.28557260837
2010-04-11,75846.29257949587,102115.95353104259
2010-04-12,79128.3225179921,86000.49260721954
2010-04-13,118820.62331122039,102020.64673536687
2010-04-14,113178.49902914432,107642.77164935
2010-04-15,118651.02144100417,92316.27433786036
2010-04-16,123465.71497408257,95059.09869493295
2010-04-17,137537.71973189153,72850.55739537784
2010-04-18,119753.11909042778,85144.48232512064
2010-04-19,119987.4594360911,77751.00471827314
2010-04-20,116138.28561124373,93013.93414411953
2010-04-21,97225.6991764741,89920.84103788475
2010-04-22,115733.1183756271,89037.31164981014
2010-04-23,116234.42843390362,85311.9642187337
2010-04-24,139942.774873765,94971.85535391417
2010-04-25,113105.10848376527,76808.82406981112
2010-04-26,117798.87336829207,84219.06596275418
2010-04-27,114223.82543152092,87968.07060334313
2010-04-28,102701.44013339466,80876.22280209055
2010-04-29,125660.63065015893,80279.91673063968
2010-04-30,121620.25912912402,73530.96735999218
2010-05-01,159910.31947043046,75990.13679836264
2010-05-02,142132.02948140484,82704.60925939666
2010-05-03,162769.76141506503,61022.73286028701
2010-05-04,130642.1691470751,73878.10313155779
2010-05-05,145033.79519235704,69624.7800971612
2010-05-06,154404.5562580998,72475.94238062047
2010-05-07,115055.31652369101,85357.7963608225
2010-05-08,111218.16123467842,67828.5610200321
2010-05-09,109615.37512017028,81536.08352548034
2010-05-10,95504.56368384011,100202.04127612435
2010-05-11,77493.36568933868,92066.94170123954
2010-05-12,87020.40549370596,92395.16645007282
2010-05-13,114624.73133922703,93006.25095404603
2010-05-14,128937.19602771233,85369.08760346289
2010-05-15,114069.63621532623,96175.6400489796
2010-05-16,137924.5504561126,86800.9954639468
2010-05-17,113843.32779642384,91591.41019340217
2010-05-18,117786.72580005263,74785.80189052463
2010-05-19,128547.12770256016,84717.9830330057
2010-05-20,107574.10160456585,95147.67577911959
2010-05-21,121688.01067550581,82654.87656986841
2010-05-22,132069.68467294355,93536.45621312247
2010-05-23,102557.29398888108,87182.65970332945
2010-05-24,120156.6923342352,98372.34980270518
2010-05-25,120627.54607406074,100344.17035527743
2010-05-26,125601.62866272905,92209.04686922581
2010-05-27,105201.43601979254,90736.40086897295
2010-05-28,104183.65437874722,91125.8798062363
2010-05-29,122451.8181611777,90640.01428292722
2010-05-30,120070.77553458815,99719.94065461966
2010-05-31,157504.92850345877,109553.98288188968
2010-06-01,157690.386124322,80754.72962252746
2010-06-02,144941.57108991913,83034.93942368573
2010-06-03,149983.21674660794,100965.05933522052
2010-06-04,145095.94898734117,82171.43975721227
2010-06-05,128356.48581973632,80448.33704575995
2010-06-06,146618.42488644546,106606.56873337718
2010-06-07,124619.46773982402,88689.61490916839
2010-06-08,99705.82649726738,88878.53345274738
2010-06-09,110104.8563113404,86948.81576037838
2010-06-10,86253.1832977268,95137.91160686122
2010-06-11,97205.62178307021,82294.7338866544
2010-06-12,139833.72426656212,104118.27370609982
2010-06-13,118994.4485378434,96477.74173854364
2010-06-14,135897.6398501075,90463.03250168245
2010-06-15,129553.01567530217,86737.41494154667
2010-06-16,132896.4623197311,91712.7742349036
2010-06-17,142975.27078864886,98758.16424205515
2010-06-18,120958.07436883476,110588.59956880752
2010-06-19,115345.3831253305,102304.7148461544
2010-06-20,113518.26703320927,98618.6198210518
2010-06-21,113840.15428046489,91379.26489160278
2010-06-22,120861.1092403523,100336.3949991012
2010-06-23,124721.87349707859,88532.28369931316
2010-06-24,123795.6261248767,93658.7607326326
2010-06-25,129055.23243531618,99990.5923037774
2010-06-26,120700.96204735243,95803.33307669306
2010-06-27,134923.56128116316,86310.86499527555
2010-06-28,117585.83417262915,79845.12084760782
2010-06-29,147302.62046815248,95148.29965389257
2010-06-30,164256.67347765007,92444.24497012486
2010-07-01,148654.3284651894,98457.9979498736
2010-07-02,144032.8933250929,91967.01637759016
2010-07-03,155485.40392742975,88736.86914397447
2010-07-04,142930.59640109583,118544.64827848153
2010-07-05,145640.00494092092,118150.72553194546
2010-07-06,135693.05602073335,94804.76828545086
2010-07-07,122152.84940413742,99083.31471733707
2010-07-08,106150.92428860982,111212.10543878707
2010-07-09,91390.84797814346,109420.93443418256
2010-07-10,94534.8504793298,108091.83815653676
2010-07-11,100898.76368888041,115172.1981048608
2010-07-12,133388.7059177901,123524.62620313726
2010-07-13,117743.88393424063,100008.53686050311
2010-07-14,130995.68781617607,106497.84249202012
2010-07-15,132278.38020322556,106001.35759758524
2010-07-16,118837.28635777488,106850.76182561275
2010-07-17,128544.59202156466,95189.46090375283
2010-07-18,126994.04271332346,106869.33052984718
2010-07-19,114453.04179059916,102581.9366184884
2010-07-20,128991.28493294734,116493.04599165547
2010-07-21,130606.10239380163,102939.10273076521
2010-07-22,135462.63876624612,93613.63558028323
2010-07-23,134848.37426926117,86422.27512157576
2010-07-24,110252.0244520056,95674.53489301898
2010-07-25,114405.14954580471,89525.96103110039
2010-07-26,128721.29580065995,90697.31810462385
2010-07-27,128526.08001871208,95187.3934416196
2010-07-28,128382.8793680692,93077.78525197055
2010-07-29,161628.2437088035,91495.92090120746
2010-07-30,166708.90510693166,99222.84885861426
2010-07-31,171581.56043115823,90598.73227493736
2010-08-01,167281.83594063605,106673.50967428306
2010-08-02,160174.5922880559,86346.99014088651
2010-08-03,145012.53180795087,80936.97781808267
2010-08-04,149089.69220493268,71655.12004094884
2010-08-05,126232.42762962218,71968.60695473655
2010-08-06,123512.95246330605,87624.35468224752
2010-08-07,112765.22599100284,84745.92960037527
2010-08-08,110358.06161886532,78325.54026994204
2010-08-09,125146.5856667351,76502.93307929848
2010-08-10,76662.12381972821,93112.68951181066
2010-08-11,141110.37038023322,98414.96246688726
2010-08-12,117074.113009464,100488.04017399931
2010-08-13,127544.55989976993,84334.34463108066
2010-08-14,142314.71237561086,104816.82438589245
2010-08-15,131318.66091074084,84090.02034357516
2010-08-16,119229.89318281633,101743.56680305222
2010-08-17,122258.91843626378,98808.10524932736
2010-08-18,135678.72225825215,101266.07701507957
2010-08-19,121109.74501229313,94148.86148125179
2010-08-20,130162.84302593903,111655.51741497003
2010-08-21,128087.84473353148,104286.54488574134
2010-08-22,120794.35027285398,103617.3393036901
2010-08-23,148468.15902482977,97464.87107958233
2010-08-24,133122.59016813606,98201.81585861124
2010-08-25,106319.51726199729,105372.32624499062
2010-08-26,128252.76365728426,108464.04035763619
2010-08-27,119614.53785732485,109169.21993405046
2010-08-28,134625.26215021854,98294.70421101691
2010-08-29,156074.79261567298,99046.11016820508
2010-08-30,162078.53961468325,101085.61791476035
2010-08-31,165791.6910955086,96624.14104058435
2010-09-01,165318.2317166991,93256.20117702942
2010-09-02,139162.26018379658,99815.42821781803
2010-09-03,141154.98764159053,102111.20673906602
2010-09-04,132211.22666338834,102486.28053602536
2010-09-05,122347.84620496903,97992.01059973828
2010-09-06,138273.40387210483,93625.99005379101
2010-09-07,116589.13733461166,102311.17164983951
2010-09-08,92391.16045664957,101582.10711755198
2010-09-09,107513.39521619346,91692.19187887403
2010-09-10,158469.3304466144,105714.0756053344
2010-09-11,146525.924326872,104311.70832946672
2010-09-12,120070.17889812413,98316.35179888879
2010-09-13,129582.86567727469,89243.08160107047
2010-09-14,146344.97221165246,89565.50046452152
2010-09-15,125930.64630592157,101953.61736272546
2010-09-16,136850.14981032576,94780.0119183259
2010-09-17,139629.08530319875,96692.59418395281
2010-09-18,122144.10661368369,90311.11441033093
2010-09-19,130403.00356950128,104983.40392119753
2010-09-20,98219.45293380263,84653.43632011769
2010-09-21,120066.47733556926,98518.89690592531
2010-09-22,127503.0366176449,101576.57459697765
2010-09-23,117305.56812530746,103539.88322864665
2010-09-24,145895.0561678897,102606.53195770721
2010-09-25,115086.80672998365,89883.8905245977
2010-09-26,124831.95763803889,95978.83536582757
2010-09-27,130408.3345751172,93532.06385357803
2010-09-28,181412.73289066117,90370.20080094095
2010-09-29,151867.28251755785,86005.00170347365
2010-09-30,175373.45582725364,102843.81381569106
2010-10-01,159763.01038519377,108149.98945493218
2010-10-02,144350.13774387483,95067.22718828697
2010-10-03,152121.0347426327,105153.08574064489
2010-10-04,141951.2767307326,122484.60126408702
2010-10-05,125878.96975911819,111716.8668263377
2010-10-06,124316.88231919406,117585.10717926077
2010-10-07,111686.1842563845,118608.34659789415
2010-10-08,109135.17345251249,123602.03113123694
2010-10-09,107956.08249085616,118553.08419781178
2010-10-10,156107.9366379416,104242.34329276581
2010-10-11,126823.11673309201,130544.40672168051
2010-10-12,159594.2123042269,119145.95925033388
2010-10-13,117904.32841071219,108107.73144791157
2010-10-14,135158.00976943038,103294.04346544151
2010-10-15,141890.51302695516,107475.4762334621
2010-10-16,138221.8742062138,110501.70431210834
2010-10-17,128655.74957069945,107092.90423585902
2010-10-18,132332.18882589176,107618.87473073004
2010-10-19,129068.24778353095,102480.5728930716
2010-10-20,127738.47876505126,113187.34885450707
2010-10-21,141806.3747191224,100010.06379430852
2010-10-22,136598.87299122696,110729.17454904887
2010-10-23,125854.3039923494,110562.02778435423
2010-10-24,141566.94188290587,92951.460787162
2010-10-25,135461.21571835608,99425.36549142703
2010-10-26,140361.0236933983,108514.41255225283
2010-10-27,138397.2172214924,101598.71175862892
2010-10-28,161710.04989077928,105632.54176406568
2010-10-29,163624.09362738254,105989.47065397372
2010-10-30,174214.75435693667,88148.96921754797
2010-10-31,168764.38242933256,92087.368585579
2010-11-01,156956.20831471286,96312.28244944722
2010-11-02,151673.27383308782,90829.55290721326
2010-11-03,155737.32873288216,94285.06218814325
2010-11-04,128965.42464234785,101669.65612049868
2010-11-05,132089.83528099424,88107.74472993026
2010-11-06,116517.39370066316,90240.04671393723
2010-11-07,108823.1879677278,86698.56691782198
2010-11-08,115322.54426551759,71338.32728590578
2010-11-09,151501.93196636837,79660.05364811746
2010-11-10,150336.3680813669,105919.90809548633
2010-11-11,154318.66662920755,103957.28001563068
2010-11-12,140635.2448222648,113259.29617687836
2010-11-13,146495.39043273588,115307.92870743203
2010-11-14,135904.67339617483,101905.11687400127
2010-11-15,141653.61905374788,115029.8100182766
2010-11-16,136581.31422522856,103008.96839039482
2010-11-17,138383.3709793917,109141.1983572187
2010-11-18,142949.82738448842,103832.77497449591
2010-11-19,128449.91950215865,96627.39886747778
2010-11-20,157234.22650576674,100806.6057325445
2010-11-21,125968.54431657947,94234.7082702667
2010-11-22,123641.51381707862,112649.12934870773
2010-11-23,147152.05186357404,116734.5057297504
2010-11-24,143304.84744921935,113318.9293146457
2010-11-25,141473.60067553027,104164.3669841962
2010-11-26,141384.3838948991,111715.20347793447
2010-11-27,172877.53227153086,91787.22922911443
2010-11-28,163253.36031449394,114135.04531684292
2010-11-29,170499.86388764132,120316.11319832178
2010-11-30,158889.06265987677,111400.60001803144
2010-12-01,169916.42158853184,102575.16932881478
2010-12-02,152029.42618497863,112639.96527706781
2010-12-03,137705.7078070728,106795.65795539033
2010-12-04,134667.28011417622,98556.0841889325
2010-12-05,133748.17601205013,96172.6283456278
2010-12-06,115902.07469696236,104626.31862237783
2010-12-07,105777.7960443357,106539.43515110579
2010-12-08,109771.64786056482,87029.70021630535
2010-12-09,148697.4341875753,128216.12372757331
2010-12-10,140131.8399676492,103064.28423754816
2010-12-11,139553.49550148103,116135.59308434179
2010-12-12,145745.70577951358,106617.14848019456
2010-12-13,128195.017304813,115953.12851436815
2010-12-14,127932.70321834384,123088.96272697892
2010-12-15,134227.51331633911,102379.05463195403
2010-12-16,138748.27325178692,103928.98741163322
2010-12-17,143522.48698544456,110991.49244949962
2010-12-18,154751.8192996148,113904.55688723405
2010-12-19,148208.72256651358,108214.6302256164
2010-12-20,137710.96844927786,105392.5582664779
2010-12-21,138838.5560525496,96153.03563100375
2010-12-22,128758.10629857786,107352.50893594319
2010-12-23,138385.81176864947,99007.29227996831
2010-12-24,135501.63412038863,106784.11491951506
2010-12-25,141459.5881083896,115898.50621124585
2010-12-26,129828.61936673307,109728.79429306558
2010-12-27,181193.46514241173,109505.92502582727
2010-12-28,190553.29315937802,95298.36562080123
2010-12-29,171654.21682113546,110575.33522519121
2010-12-30,172677.79699598733,103002.53558504983
2010-12-31,170066.66417146547,92478.29672244008
2011-01-01,152487.79528114165,117042.9933413105
2011-01-02,151201.60459310206,105258.7792185239
2011-01-03,141007.0625385241,107520.21026000523
2011-01-04,133595.62245478216,129819.27596558488
2011-01-05,116809.22238644744,135756.97935962927
2011-01-06,117245.10174258944,120601.80233741221
2011-01-07,115314.75865810018,137052.3264928075
2011-01-08,163759.20455443847,125541.02307256796
2011-01-09,157793.97998221256,119514.96340685713
2011-01-10,168795.7031327798,125955.13669915375
2011-01-11,138751.7307770567,119855.4585719005
2011-01-12,154399.06708699302,123275.73651045725
2011-01-13,146840.7610194929,134671.39447585848
2011-01-14,166309.9848610402,108460.36635006497
2011-01-15,135799.76191535388,122323.47266816812
2011-01-16,135016.19290765678,120823.40568311085
2011-01-17,137004.33067567906,117639.97024077989
2011-01-18,121393.1690913953,115507.41763582994
2011-01-19,137052.80353210453,123049.84149922169
2011-01-20,134437.3915160395,112295.63008584865
2011-01-21,143287.33780971804,93982.99924505703
2011-01-22,144988.50288634494,103184.95719126528
2011-01-23,160149.92890174885,110966.65600315799
2011-01-24,150736.64088686922,118839.47745783156
2011-01-25,135331.89224563228,114945.02038310013
2011-01-26,170015.85328651642,93324.93839997034
2011-01-27,183145.0957444173,112387.16356329712
2011-01-28,162539.48623549764,107761.85978920068
2011-01-29,189975.26743354145,101722.77183815834
2011-01-30,177959.62546156722,100594.55283586809
2011-01-31,154808.24347895297,107572.547247001
2011-02-01,134829.33448408914,104148.26597620198
2011-02-02,157419.86227236027,93197.72987831912
2011-02-03,134473.46301676767,91461.47675881918
2011-02-04,139917.4833447367,99352.34468057305
2011-02-05,104055.72341205634,111359.40087399047
2011-02-06,107341.02551610795,104339.80121970123
2011-02-07,152300.2054736699,99975.50638307973
2011-02-08,151671.07765900792,86632.37337180934
2011-02-09,145763.2238428718,87714.83142099217
2011-02-10,155653.7057294122,120367.51358213619
2011-02-11,137999.65642596027,121300.93370855227
2011-02-12,146583.54611189646,109134.42449318127
2011-02-13,148614.91184598245,113846.57743023516
2011-02-14,152027.1331094929,108730.0970295715
2011-02-15,153529.56011035343,110583.72666913457
2011-02-16,134751.8362117406,122397.77788873823
2011-02-17,130290.98462713715,112657.39972951823
2011-02-18,158087.12196789723,107743.44397128366
2011-02-19,148351.8582513724,103514.81241305429
2011-02-20,137298.53457939043,113491.96508259163
2011-02-21,160082.46288379858,112217.17588926818
2011-02-22,145544.96685251858,125326.81235223653
2011-02-23,156025.37434564697,108050.94376213687
2011-02-24,144776.11361635738,107223.07473361095
2011-02-25,202607.47924881987,119069.40402618746
2011-02-26,198779.31245378428,115971.39113959578
2011-02-27,176252.1768209133,114263.36094549362
2011-02-28,184376.38928454145,115490.2035905333
2011-03-01,175618.9837502058,110795.9842091862
2011-03-02,176186.31557532348,114813.58071729445
2011-03-03,145311.44516919687,119951.71013239659
2011-03-04,153741.65313069054,105802.76037406268
2011-03-05,149203.10633778974,120861.36314893069
2011-03-06,112951.92536077095,122213.25399168735
2011-03-07,111167.41487334226,110300.2004001218
2011-03-08,95942.45396804469,135924.84355281972
2011-03-09,152553.7001320425,128352.17145096505
2011-03-10,161376.69427932013,101432.09174926027
2011-03-11,168287.44907862454,121862.20975142246
2011-03-12,153166.15421013496,119866.07404173854
2011-03-13,167962.01617549916,106120.52536935743
2011-03-14,137206.32637996046,118115.12123469095
2011-03-15,133378.13113531194,110741.4428010421
2011-03-16,149327.2677799392,121008.55091978074
2011-03-17,153254.0658188576,107027.6508668696
2011-03-18,148671.30964917835,106913.00795744109
2011-03-19,127957.7053340946,128519.9687649034
2011-03-20,147419.15335378426,114679.73339882167
2011-03-21,134984.02312652796,120238.0070561045
2011-03-22,154480.12543325633,121860.39491081296
2011-03-23,151236.92558954185,113492.93277253333
2011-03-24,137989.42264631644,111385.44797421707
2011-03-25,142093.73333164176,118387.12628960202
2011-03-26,136508.7935833668,128005.68160918084
2011-03-27,184373.20902726828,115819.34173115066
2011-03-28,193777.32723436464,117884.08698622792
2011-03-29,171884.55784234861,113346.36071001747
2011-03-30,182701.14493017635,117367.52499116049
2011-03-31,166862.64807062992,111071.69242332855
2011-04-01,157571.27167737656,117626.0210831762
2011-04-02,156890.37617545231,122337.11220076983
2011-04-03,139528.7153065124,125758.05316799926
2011-04-04,136082.36841582204,122096.62457462349
2011-04-05,121560.54129911361,118541.85635328155
2011-04-06,145647.2513291639,148973.60064024437
2011-04-07,119687.41126536297,133731.6556157351
2011-04-08,151250.51339656222,132808.13665405914
2011-04-09,159341.07082870274,120278.10230379834
2011-04-10,155140.59806075596,136191.67813553708
2011-04-11,153215.51041060497,138482.71538826372
2011-04-12,160817.52772022047,141405.89892988955
2011-04-13,161582.41806258244,131683.33519583833
2011-04-14,148106.9440527582,149367.99951452066
2011-04-15,147124.5623624586,137913.63912359538
2011-04-16,149662.89435794807,122544.33231281428
2011-04-17,128979.04548276344,132673.7915738073
2011-04-18,136480.21571250784,128734.19763392734
2011-04-19,164979.09642335738,137917.48581026946
2011-04-20,167478.39526658933,127244.49395405338
2011-04-21,148293.03954939215,119582.14057640996
2011-04-22,156336.51275913103,127106.05443683773
2011-04-23,153500.72205502537,119511.33186099998
2011-04-24,181021.2105895611,109254.35901474941
2011-04-25,161296.67791660206,114837.86710556697
2011-04-26,186720.82408519235,121065.36402658706
2011-04-27,177670.49962334798,114573.51319511587
2011-04-28,168677.35510312833,127167.45600522021
2011-04-29,182695.31613367013,106192.32424500829
2011-04-30,167601.7168015113,109018.60151692037
2011-05-01,154277.46290402327,106040.36988178318
2011-05-02,154494.95093257262,113526.27476003613
2011-05-03,142065.6584945622,121398.98028571808
2011-05-04,161490.27782001952,109954.7525184614
2011-05-05,145355.7177944966,107154.47424549563
2011-05-06,128920.27358683383,116874.5198713858
2011-05-07,137134.21713454594,123737.1857932676
2011-05-08,162021.45155296425,108283.01590022453
2011-05-09,151588.42970807786,89800.02911296874
2011-05-10,174495.11933036082,93936.02909509253
2011-05-11,163814.3068427838,106581.78096986318
2011-05-12,147303.39917652166,104495.6244454788
2011-05-13,155103.9541812733,107256.95050808258
2011-05-14,147655.7729950159,127016.80197827655
2011-05-15,142054.74745926203,127859.72344395178
2011-05-16,164675.18680478094,112865.60182868427
2011-05-17,174092.42353482058,135133.43641779464
2011-05-18,140646.45059630196,124086.81242203646
2011-05-19,159940.04611581785,126904.80276288264
2011-05-20,147522.29244035823,118539.4583836369
2011-05-21,148912.14610730897,135398.3042871355
2011-05-22,147647.00388618466,140161.90937765306
2011-05-23,144748.31281279185,123934.66896602228
2011-05-24,153717.61878445698,133859.27422319553
2011-05-25,144791.42763814592,114099.32201586175
2011-05-26,193704.56825779838,122841.56373136629
2011-05-27,189723.52293486087,115357.13992656334
2011-05-28,185352.33783703996,121079.86994422323
2011-05-29,174585.04315458192,115455.25739528918
2011-05-30,172397.510948671,120097.5658757336
2011-05-31,179053.91225825757,127222.81052090862
2011-06-01,168969.8516512417,109977.89023051008
2011-06-02,146105.58608272063,112829.99776406158
2011-06-03,148612.18452358613,119165.71378008917
2011-06-04,147053.19145872,126808.93725002595
2011-06-05,115305.94718878629,135331.86775379852
2011-06-06,130768.37766944504,119322.8274297776
2011-06-07,157621.5308870296,121720.20549413064
2011-06-08,168907.2584072921,118668.4337382565
2011-06-09,154631.2869922391,117597.17637932833
2011-06-10,143376.38539929202,123197.48909400043
2011-06-11,144400.4363409546,118592.34745821434
2011-06-12,160488.1904287232,128067.31411715399
2011-06-13,162009.18054607828,120618.19148481207
2011-06-14,149839.57851786132,126744.50131602485
2011-06-15,164799.33591723826,130268.62260098541
2011-06-16,141383.0565074297,127781.76388704988
2011-06-17,156971.3283480202,116643.78939115007
2011-06-18,145200.19175128758,125587.42685677162
2011-06-19,150510.3570535549,127569.59643521794
2011-06-20,157257.3866581201,120827.22050424638
2011-06-21,147966.80947573384,133496.68038107044
2011-06-22,152542.66506729173,121244.09791251314
2011-06-23,166295.3305971531,118481.46208409872
2011-06-24,150332.0101070248,117777.90992214177
2011-06-25,202356.92112065142,124594.8323717817
2011-06-26,181928.83548277605,127953.69576180406
2011-06-27,196039.86008485686,121015.07049519432
2011-06-28,201076.3659815769,130389.1008909799
2011-06-29,156448.77925308145,137233.17644110968
2011-06-30,166531.04744529523,116571.3047770747
2011-07-01,172731.4010468033,127888.29839161031
2011-07-02,156850.6846702762,133408.91698323548
2011-07-03,154330.32020300694,118672.70100363699
2011-07-04,136499.4683578439,113580.82072021719
2011-07-05,135865.897874729,127376.62742616865
2011-07-06,126778.0033917249,126061.2895871644
2011-07-07,178925.58909308614,137017.3871270244
2011-07-08,168745.48015437264,146061.03964981626
2011-07-09,168639.9051784163,144627.8375415037
2011-07-10,160306.43674471253,140637.8349430005
2011-07-11,158799.79847906128,146056.12507567328
2011-07-12,158681.75908391317,139200.712858788
2011-07-13,166356.47695264645,145129.69207304186
2011-07-14,157672.89996070275,121561.23303102309
2011-07-15,164311.15989842865,136381.09869922997
2011-07-16,181752.26511657366,139577.96743333637
2011-07-17,169343.37336881028,129770.29427215518
2011-07-18,157050.1184272337,135635.7422428695
2011-07-19,172040.85735321595,132069.47796880745
2011-07-20,155702.64621474044,136020.97129791585
2011-07-21,139189.6977767948,124910.26307321353
2011-07-22,149307.35740041596,123751.55709259523
2011-07-23,140524.48329475016,124086.22518279392
2011-07-24,155585.7939618432,123788.65619801127
2011-07-25,197184.1837918955,121608.29048579483
2011-07-26,212990.27715210506,128307.94040378196
2011-07-27,197011.09204334568,141719.28302504652
2011-07-28,187469.67448690927,132855.5433867109
2011-07-29,192459.28006618924,113098.16999383646
2011-07-30,155388.64690992114,133329.78710522002
2011-07-31,172316.82535608357,127577.54618528848
2011-08-01,169589.79046957582,120458.01682699808
2011-08-02,138832.99901149544,111709.49358552496
2011-08-03,156976.8606570714,130921.20192499731
2011-08-04,141384.96407494415,110325.72153260418
2011-08-05,127181.89660663767,113918.9465929423
2011-08-06,176575.58713755093,127868.02479119202
2011-08-07,191908.20029940447,116555.38413309806
2011-08-08,170082.54110824922,118565.89243826455
2011-08-09,169907.41226894056,112114.8721525544
2011-08-10,162082.2517243838,110009.39638597533
2011-08-11,157508.89726746146,111248.7864126434
2011-08-12,173715.31369430592,119526.51075562913
2011-08-13,156321.90650981673,131363.7091379037
2011-08-14,165129.07370165843,135936.87530955946
2011-08-15,159221.6826624681,121262.61219346119
2011-08-16,168421.9245919573,134735.29994489538
2011-08-17,166646.97480178162,133410.54306061732
2011-08-18,173404.11757415548,131594.76466644055
2011-08-19,157683.2359564085,139547.64356502882
2011-08-20,159872.19377563964,141787.32453774923
2011-08-21,152600.58335176692,138353.17867057363
2011-08-22,157789.46990424758,131575.99783448412
2011-08-23,165873.9337327048,132115.41669774908
2011-08-24,207569.8861664535,132038.80315035026
2011-08-25,190004.250787576,137255.6162981865
2011-08-26,205437.87750676065,122684.18783001068
2011-08-27,206217.0583630474,117976.88840267532
2011-08-28,191299.57328659136,138575.87648763033
2011-08-29,199267.95812558066,118746.91261580664
2011-08-30,165222.78778396218,114516.26386118268
2011-08-31,152434.591497592,141098.6521661598
2011-09-01,138831.65898025106,125382.95885364428
2011-09-02,163499.76333989392,117176.99626765304
2011-09-03,147543.65656354057,138089.28974080272
2011-09-04,133778.92903654114,129409.76457939473
2011-09-05,176047.45473968628,127412.99619195049
2011-09-06,160946.38124837674,128362.61860913076
2011-09-07,195721.3983538325,129614.58698787453
2011-09-08,171717.41822568947,132478.8670333244
2011-09-09,170769.80866583515,125628.07165854314
2011-09-10,176265.0072010963,131421.31722479156
2011-09-11,173222.04784623062,129812.53580107422
2011-09-12,170121.5850116967,111810.57154018027
2011-09-13,159508.6667750114,118952.03673477855
2011-09-14,171712.94070147924,122205.46372191646
2011-09-15,185452.3712992437,128189.95465269055
2011-09-16,179764.5542104619,133066.67898966407
2011-09-17,181960.58439797047,143654.12619778852
2011-09-18,160671.2431806441,120723.19609598978
2011-09-19,155674.89492598755,131992.5202463551
2011-09-20,164130.35130859353,133924.45089553753
2011-09-21,165789.65162789566,137601.01786761393
2011-09-22,176042.84398696577,128488.33607065717
2011-09-23,186075.3537028518,132508.4777910876
2011-09-24,217521.40722395838,131969.35446201114
2011-09-25,198161.73931991414,134927.57756708527
2011-09-26,191391.8690755237,134447.0325806453
2011-09-27,180044.18050175265,108061.61259005246
2011-09-28,166951.4332813423,128193.88099779157
2011-09-29,184192.38561461706,132365.5387264325
2011-09-30,168614.3182025902,118063.91546716867
2011-10-01,146719.25247188332,141319.56971653952
2011-10-02,138588.53250436592,127470.77759477733
2011-10-03,140642.1530070987,138902.4666927578
2011-10-04,154024.9909985396,122376.62814588944
2011-10-05,173651.85496285203,129735.52871989262
2011-10-06,160169.84219017945,131081.36189872865
2011-10-07,171806.4479168048,145796.17478652444
2011-10-08,170697.9707084605,143641.84286677412
2011-10-09,145706.99429037052,153099.15614815
2011-10-10,171464.39229693127,151472.79281931891
2011-10-11,169102.61022677668,146856.07221475276
2011-10-12,177844.80841703957,156845.58522867318
2011-10-13,188902.97227891797,152080.85623813982
2011-10-14,181263.90742559684,145310.49828911005
2011-10-15,166943.23942894506,136408.10566085682
2011-10-16,158245.09466149544,154268.2661357118
2011-10-17,194762.3161640751,146618.6299162042
2011-10-18,169375.58428510083,138530.244457351
2011-10-19,168710.2360477028,131607.5875379836
2011-10-20,168146.96963848997,155506.86645567074
2011-10-21,170213.25011268727,143810.83628283357
2011-10-22,166657.32468301686,135278.06359321662
2011-10-23,200263.37993119765,138326.47526842877
2011-10-24,199757.3146169483,124906.80258762119
2011-10-25,202414.28560354406,145288.3648981957
2011-10-26,193226.43206366026,138151.26992861243
2011-10-27,186036.76642758268,141728.44798065204
2011-10-28,187564.30227691896,121175.25241354492
2011-10-29,176410.90760078936,135442.17057206616
2011-10-30,185921.06841653303,128856.36718166762
2011-10-31,136109.16338536373,134466.7714683349
2011-11-01,165454.38874422672,129792.74760648301
2011-11-02,159460.85192497628,125393.41058359422
2011-11-03,119600.8734215642,120203.61558355662
2011-11-04,175820.89253568457,121617.2350902812
2011-11-05,174486.8630614026,114005.49499428552
2011-11-06,163188.76161048605,121838.54448051688
2011-11-07,168647.03953002844,136629.2255930795
2011-11-08,164570.10226512793,127444.05147178977
2011-11-09,192530.0453963456,127111.87554375318
2011-11-10,183768.73946033808,121484.90346676517
2011-11-11,186598.295718847,122955.62141336218
2011-11-12,180630.13196989687,116943.46641276749
2011-11-13,161707.73941794698,131221.43439174918
2011-11-14,167386.92367169564,132137.9163273899
2011-11-15,177204.09936119133,146825.6844087157
2011-11-16,159807.44004265702,134014.49714128053
2011-11-17,178913.38424667984,138096.33264897065
2011-11-18,169167.68914699202,144570.97799867403
2011-11-19,167640.01243409404,135241.65431896303
2011-11-20,178342.00218704363,141686.12693232953
2011-11-21,175543.5619171167,130311.45900248837
2011-11-22,205390.3383418092,135542.86989691685
2011-11-23,219819.2020629947,133881.0559815957
2011-11-24,194931.18502970508,142796.00706204103
2011-11-25,207820.03584444054,142062.64757273466
2011-11-26,202096.23683403817,141701.34362261405
2011-11-27,186404.5356068601,137446.43834944296
2011-11-28,185222.00999741908,141533.86276329085
2011-11-29,161370.0027668531,132948.5616770404
2011-11-30,174859.13166136286,134590.81743514183
2011-12-01,155690.29886057222,142941.786185061
2011-12-02,144772.7697948096,136826.92259924056
2011-12-03,153824.86800401457,131348.7507225604
2011-12-04,175204.33157106047,137654.42368663842
2011-12-05,167116.65875772492,148228.90236222636
2011-12-06,164697.58682242522,135755.29511736738
2011-12-07,185485.3059193936,137782.11087328932
2011-12-08,165871.5671948234,143360.51822299606
2011-12-09,195555.28278195305,146147.7632197305
2011-12-10,156592.66145002627,140584.13407500068
2011-12-11,193847.3084518058,134918.90978836647
2011-12-12,178523.5860014907,144134.25978712956
2011-12-13,175031.12601141536,132858.46072634938
2011-12-14,170182.93546640387,153392.49331771507
2011-12-15,179301.71489243285,131788.49232958915
2011-12-16,174652.371107328,143780.24238458308
2011-12-17,185816.41876512117,131180.5510630738
2011-12-18,175713.21961519375,147584.5620022536
2011-12-19,175891.2381242088,119771.95681535658
2011-12-20,170596.28038287014,132281.15904908002
2011-12-21,173531.4725650456,124241.06385115489
2011-12-22,215078.0176889206,129389.65882568326
2011-12-23,194124.22010278597,141492.29755486266
2011-12-24,195259.96408464693,151206.41596616458
2011-12-25,212093.32071522504,131956.54435187014
2011-12-26,200873.87863563377,136001.0880708836
2011-12-27,190660.1666364732,146469.6856593981
2011-12-28,185145.01910565182,136106.20475251263
2011-12-29,180356.95558432286,139243.6976882229
2011-12-30,163221.26466620024,123003.91844607552
2011-12-31,152756.272970979,142339.48986217668
2012-01-01,154958.45255097683,129269.863116179
2012-01-02,136551.04796949535,136916.39317646556
2012-01-03,189330.2960336328,138045.6633034115
2012-01-04,167175.43567898212,129327.58074306932
2012-01-05,193555.4349309207,145767.21053122205
2012-01-06,187151.18123006762,141384.0908441366
2012-01-07,184236.15806292498,158985.2324505611
2012-01-08,190834.2508015645,160278.66398352617
2012-01-09,197066.69997348925,150307.27109286873
2012-01-10,190026.4454190867,144266.30263504502
2012-01-11,161004.66901614808,167778.98200419938
2012-01-12,166202.48746276228,161764.6407121961
2012-01-13,172383.94055753658,171783.03408268336
2012-01-14,178571.26425102048,154677.52367673506
2012-01-15,183205.3083362677,149099.0610726812
2012-01-16,170525.96181342128,151173.40347598845
2012-01-17,179438.61077334415,149654.72855766342
2012-01-18,169834.39118605678,152305.43198855536
2012-01-19,171117.22447508923,142306.61444712314
2012-01-20,163034.31783377408,140331.99437746918
2012-01-21,205767.66753889096,149058.22829271323
2012-01-22,200709.0579731889,152219.20522628512
2012-01-23,201983.08577593073,146012.23248798773
2012-01-24,218197.0977410763,155085.96587158518
2012-01-25,192671.2353660349,146282.06806218746
2012-01-26,221823.82064837392,141129.63323810181
2012-01-27,192893.8587838068,144918.0419064912
2012-01-28,181729.4997676549,144142.05986779247
2012-01-29,163035.2836674817,153139.41304386608
2012-01-30,170542.41901909202,129264.1778170151
2012-01-31,150243.62173762225,144252.88695994386
2012-02-01,150554.8738920993,124604.50480977299
2012-02-02,213848.61385917602,119154.46220914286
2012-02-03,186240.672724114,122316.50998724188
2012-02-04,197756.611820521,136728.58805762525
2012-02-05,178393.44215467834,136421.90091539064
2012-02-06,184325.9758148166,138939.81095951502
2012-02-07,201715.34731846448,115634.06697501548
2012-02-08,177142.2849509858,121847.50706265891
2012-02-09,201007.2303488747,119612.21180461365
2012-02-10,189490.9306840193,119278.495270955
2012-02-11,176373.5893711766,120173.99890524831
2012-02-12,187956.20372504857,118669.16253540998
2012-02-13,191035.89824517944,151676.29292373254
2012-02-14,187246.81775374844,144441.72624775823
2012-02-15,165081.15274605138,143984.10667144597
2012-02-16,173299.57137032467,143354.1274886787
2012-02-17,177913.03415407497,149726.76808836413
2012-02-18,179488.06821400824,150095.01747280537
2012-02-19,186307.6497777631,153334.96739019625
2012-02-20,219777.01000933253,148589.99159066685
2012-02-21,203872.46044225123,152724.8158050578
2012-02-22,218543.79681576366,159657.104153256
2012-02-23,216766.53722783615,146545.682768825
2012-02-24,210763.12873366475,138263.24212712786
2012-02-25,209307.8072555462,134142.09028156454
2012-02-26,199299.90132048694,138064.63878221536
2012-02-27,187472.9393229905,146084.30214488076
2012-02-28,173917.20435470738,159029.14220307427
2012-02-29,149929.7108898422,142195.14608902854
2012-03-01,163296.18219132585,159613.29717569737
2012-03-02,154411.6526172768,146190.0875038575
2012-03-03,193963.5568484418,137322.04932811455
2012-03-04,177433.78596315742,139306.39560761975
2012-03-05,178453.31315358164,142783.24640379145
2012-03-06,198956.73493926623,145712.24638079852
2012-03-07,187280.30918121967,142735.8324517661
2012-03-08,193822.34793583563,145570.07316188517
2012-03-09,186695.1392901681,157349.4605200836
2012-03-10,186180.30616386284,153648.56006775337
2012-03-11,194796.2493892245,144362.63869366187
2012-03-12,179837.80984794555,130171.51357393514
2012-03-13,185593.3341039032,147498.78492090813
2012-03-14,179687.60086186172,147350.328630927
2012-03-15,179683.75585725333,152836.04701637488
2012-03-16,180691.67871026957,145526.95948471187
2012-03-17,185792.28084491048,135780.0621750495
2012-03-18,178600.73429295523,144974.15821459575
2012-03-19,195789.9637607439,147640.58436902284
2012-03-20,174154.85578006125,136002.35072182637
2012-03-21,219131.2835583864,141322.88429482456
2012-03-22,215828.5934466105,137255.01806175985
2012-03-23,232211.59714924137,159304.2701659234
2012-03-24,215626.22754011364,137899.64280318367
2012-03-25,218483.66964904068,141244.9160762823
2012-03-26,186644.3962696303,147363.65927216105
2012-03-27,196631.1824336905,142257.44121390404
2012-03-28,194777.44648694052,146526.23346723308
2012-03-29,178441.7013620481,144055.42312051097
2012-03-30,180194.12397565562,147171.6831198494
2012-03-31,156827.11549899628,152054.83531717525
2012-04-01,169428.2501475015,148563.64111515373
2012-04-02,217236.74971268058,152005.5587586083
2012-04-03,189572.88611696393,145853.06310384843
2012-04-04,187808.85334365655,146320.31710959563
2012-04-05,205959.05117711422,141998.3841508557
2012-04-06,206471.58217709334,142180.72068215994
2012-04-07,184778.7406905767,141298.70127096714
2012-04-08,185210.0873579049,169193.9733338307
2012-04-09,186064.89868030034,172505.5275866477
2012-04-10,174968.90621912174,169927.6296569119
2012-04-11,178811.7376652773,170716.17389782626
2012-04-12,177590.71866697268,165664.86750004377
2012-04-13,179632.37809787085,160796.8956862131
2012-04-14,186681.8692577087,173594.95971683887
2012-04-15,189125.54727032117,165109.3939105324
2012-04-16,202075.9480567141,147494.87549346732
2012-04-17,176404.68010220208,161086.160251381
2012-04-18,196075.62648977456,158308.81004688697
2012-04-19,183961.0403600012,159963.19142675126
2012-04-20,223505.36290347567,147391.83739558057
2012-04-21,229974.09895101827,162068.60829484815
2012-04-22,209514.59809008107,154517.01494598357
2012-04-23,220484.77723683842,166225.98376931134
2012-04-24,212829.7463364849,142032.93377064797
2012-04-25,209424.5126400815,163566.592191613
2012-04-26,199852.3662140761,150802.16301998188
2012-04-27,213434.13992981508,155852.11428323356
2012-04-28,174241.46162678069,144596.15978549136
2012-04-29,167229.35067498393,152839.01702641931
2012-04-30,158768.59473575235,138658.17161538667
2012-05-01,152780.00455404315,150992.4484361329
2012-05-02,190873.89720342288,139805.62309722172
2012-05-03,208091.43703243602,133021.316156008
2012-05-04,209468.9210375628,145881.42719444484
2012-05-05,188717.74346844244,146459.7689404013
2012-05-06,185352.30498874394,139296.2906549255
2012-05-07,197721.49652597343,145216.7754048134
2012-05-08,186889.72508605378,150877.64052935483
2012-05-09,198212.0629464605,145506.07901800473
2012-05-10,193442.64153797753,128420.21558116333
2012-05-11,175840.81598014696,119824.58070067098
2012-05-12,206107.178347794,129858.45970076104
2012-05-13,208269.13047986737,124638.19790692272
2012-05-14,183900.83122673264,141681.48925895352
2012-05-15,185906.3843455961,150971.02488533326
2012-05-16,192429.5970358224,146247.49958711074
2012-05-17,192732.78840946025,162298.23823573528
2012-05-18,195817.845231737,156483.75019262615
2012-05-19,209202.9741899198,150710.9118354374
2012-05-20,225230.5277250595,169016.93588583308
2012-05-21,218242.9315839677,157136.9159134741
2012-05-22,209948.62602555877,143402.25738564695
2012-05-23,212351.37937557872,142559.97563291978
2012-05-24,213833.95452561637,147471.70865542133
2012-05-25,225445.57863517787,161723.27059591672
2012-05-26,194784.56678463618,166039.30427456502
2012-05-27,194119.01804709513,153172.42633576036
2012-05-28,183454.63250856634,149295.98075942753
2012-05-29,187423.25295948295,158803.6974158341
2012-05-30,193269.32425873622,163752.93304541564
2012-05-31,156026.0880164425,140828.5931956902
2012-06-01,195353.37405130584,150588.08789329807
2012-06-02,209642.88049205122,158253.6457068027
2012-06-03,205082.79345392736,160371.41158778092
2012-06-04,215892.27966329755,150180.77597405147
2012-06-05,202515.14257304586,156097.0372370812
2012-06-06,192414.42005423878,164101.4282561608
2012-06-07,201318.50383578657,135440.75886507065
2012-06-08,205969.78057473447,158182.197699538
2012-06-09,202618.23314143816,164764.83622303169
2012-06-10,199070.99744119224,148391.46263914253
2012-06-11,204298.8732303849,147862.1129795218
2012-06-12,205003.30965336887,145055.1879402332
2012-06-13,206850.30804195176,152944.75503023458
2012-06-14,199270.49882085237,157977.05537678726
2012-06-15,190899.76232540482,146448.3469894679
2012-06-16,193855.35737392324,158096.0056099253
2012-06-17,204297.49217009227,164084.64478619606
2012-06-18,183931.57209238393,162731.18821237003
2012-06-19,233686.733088729,168860.56517716378
2012-06-20,225292.51590607862,156882.77392861314
2012-06-21,227029.26653505221,154865.0416995858
2012-06-22,235445.1984010709,161892.43033150284
2012-06-23,219076.21493455337,145203.0088063465
2012-06-24,210964.3654815615,145491.2915832352
2012-06-25,189362.11836519872,149360.45965145648
2012-06-26,202343.67419097834,144794.1958921076
2012-06-27,193073.70328070462,159457.30451002487
2012-06-28,200171.86745805672,154990.31297153584
2012-06-29,167922.21765047,149824.72775070387
2012-06-30,166526.27902228507,138798.1636670103
2012-07-01,205741.60531359562,146091.7396153234
2012-07-02,217975.80451899525,164831.38929816763
2012-07-03,200310.92323379475,168633.2471842834
2012-07-04,203215.4216636406,167190.37394285458
2012-07-05,205754.82581695163,155959.9569328826
2012-07-06,200873.43219367298,145056.3721528059
2012-07-07,193947.6193833582,149000.85500061983
2012-07-08,199823.64469788846,159814.2559666094
2012-07-09,208149.72882806225,190651.945235517
2012-07-10,186733.10413600868,179209.20862071257
2012-07-11,197961.82307596214,173167.96042987276
2012-07-12,189309.14559952042,174108.47721055837
2012-07-13,207979.18442082492,163559.87643134213
2012-07-14,180551.5308971182,161819.51119427226
2012-07-15,189981.72465585748,166961.51594641895
2012-07-16,199160.3392602352,170564.24242908746
2012-07-17,210887.6427973521,163111.60623184466
2012-07-18,194443.4261915264,183151.0964152145
2012-07-19,227448.00473306802,163345.13318334112
2012-07-20,251037.47472375815,167209.80152576783
2012-07-21,215261.6793015416,161384.06330701755
2012-07-22,203672.62020879707,158258.06192716412
2012-07-23,224565.36875488766,159988.35631852155
2012-07-24,208479.4577564739,177183.01304451298
2012-07-25,195748.35160369077,168102.51091940596
2012-07-26,204964.7030036997,162599.5050216407
2012-07-27,192056.86860700583,159636.67308271746
2012-07-28,175898.5339176348,169380.67609512276
2012-07-29,161196.95601329106,161039.80968439928
2012-07-30,176059.34902844715,155555.02992653893
2012-07-31,212749.78025607468,159686.59147690225
2012-08-01,204209.51308356668,147917.36371276135
2012-08-02,222730.24851814093,150757.95988062833
2012-08-03,192724.3587426757,162650.35978933098
2012-08-04,187420.60901053884,165934.92575720654
2012-08-05,195088.26026329695,142239.97402514677
2012-08-06,200956.0953653085,147442.65940208026
2012-08-07,203316.13926213232,149195.6271673597
2012-08-08,198001.05075090122,145462.41083918817
2012-08-09,203518.81109526224,153092.4158881874
2012-08-10,187116.73209258894,136205.74631780363
2012-08-11,213747.99978964473,146050.1231218795
2012-08-12,198207.2063476508,148869.05449010065
2012-08-13,209956.35826083724,155100.49151154075
2012-08-14,201998.1965923504,131063.20401775761
2012-08-15,202955.75270112784,161430.78942748223
2012-08-16,203930.07530733076,164513.0743396472
2012-08-17,202578.01440242946,160599.59123717246
2012-08-18,242427.22759867544,154727.6810559003
2012-08-19,248517.42933067656,151435.9000547614
2012-08-20,234707.03000271873,168814.50146103738
2012-08-21,235750.71735088303,166110.4571975191
2012-08-22,222267.86731148208,170959.85354783785
2012-08-23,230901.17215449474,154864.15347653668
2012-08-24,202196.7567544052,157472.97540377604
2012-08-25,218890.5428598143,174558.09781028825
2012-08-26,192217.28196285042,168308.5671592107
2012-08-27,170231.56920382162,167311.3831210409
2012-08-28,178281.04414910788,166067.70206735365
2012-08-29,163524.25917089687,146776.74103202252
2012-08-30,217654.20396637532,169942.21141558565
2012-08-31,201675.0319283366,148427.43892636956
2012-09-01,202802.04422551647,156176.16908655546
2012-09-02,187529.7990964819,163604.77894733552
2012-09-03,201152.79752729545,162598.72864500896
2012-09-04,180768.5476958198,157866.4317347482
2012-09-05,188572.92729400625,160971.38330749783
2012-09-06,211486.89133034836,160353.96277258956
2012-09-07,211271.41291597285,165232.43909423423
2012-09-08,207252.83274796893,164710.46052979407
2012-09-09,192962.36490320123,162371.58351036138
2012-09-10,201833.24018749234,164597.96130106933
2012-09-11,201992.6927406708,163165.94820198353
2012-09-12,190199.75305303052,163403.6245645706
2012-09-13,216604.92614624486,164540.96928513856
2012-09-14,210161.84341534672,160069.28944177864
2012-09-15,199022.76076671208,160242.29934560048
2012-09-16,201369.7871922016,168841.7722383405
2012-09-17,241083.82807947553,156474.51901151755
2012-09-18,217808.55534510934,152779.7587409974
2012-09-19,233270.04448049807,165470.66621816525
2012-09-20,224840.8372950199,164965.90990338448
2012-09-21,216149.02415540518,169528.51179625952
2012-09-22,216688.99707114045,161921.36768027165
2012-09-23,229937.54504349313,163016.35004688276
2012-09-24,210289.56714337625,159481.61593612455
2012-09-25,189907.0715714659,150429.23585245103
2012-09-26,193265.1480385637,159979.128518955
2012-09-27,193993.55436586,167465.91365783586
2012-09-28,182581.11257477337,163130.7899363073
2012-09-29,212844.0721756898,169048.21152705638
2012-09-30,204731.90394430477,166364.6628889152
2012-10-01,217246.11169380017,160541.04039490427
2012-10-02,213360.0602601547,179262.49939196
2012-10-03,217627.79292006354,173931.76986873453
2012-10-04,214359.0589789291,158746.40399434618
2012-10-05,217907.4826820568,161281.8484859284
2012-10-06,201530.39265329973,173240.374688261
2012-10-07,219587.35198580776,176758.3814778133
2012-10-08,207974.25317704328,175471.3912619714
2012-10-09,226384.73506074602,171873.13607043013
2012-10-10,198418.47556801647,184639.68970100535
2012-10-11,222388.35616322898,193355.84389251962
2012-10-12,206762.50777958243,181160.47245188683
2012-10-13,198056.76309242888,193170.45888509665
2012-10-14,199549.36216904677,180493.56306050223
2012-10-15,201028.9294230655,184150.29010058974
2012-10-16,208342.58826627547,176306.91648856024
2012-10-17,247228.354880355,175788.06997956216
2012-10-18,235488.90398996646,173307.8483253303
2012-10-19,238498.2723830942,177780.9980395045
2012-10-20,256083.38336111655,170937.15283179
2012-10-21,246440.65595536146,186720.67375706974
2012-10-22,226863.23669674032,172674.2151948349
2012-10-23,215340.71455667992,176349.62026806525
2012-10-24,208081.45179788876,171051.7220894315
2012-10-25,204754.04119659803,181230.93519126068
2012-10-26,180311.39457301804,172115.27975029327
2012-10-27,180426.23462576655,175043.24772560518
2012-10-28,159648.93500686978,170133.9494802188
2012-10-29,219239.99970254087,177582.09536508197
2012-10-30,220673.23111838792,165073.64695336227
2012-10-31,208432.0139346705,151083.72061569282
2012-11-01,228165.07403883754,166267.99580884553
2012-11-02,199418.20408976282,164062.08645493045
2012-11-03,196363.59216001118,158846.28497885636
2012-11-04,212656.47371446318,156899.31412137774
2012-11-05,220353.72779502693,158022.39796184425
2012-11-06,226252.6882440432,157601.69836440095
2012-11-07,204409.41450142988,162911.08742467154
2012-11-08,219418.93466880632,152777.8907361941
2012-11-09,207925.26905390507,159540.8646693579
2012-11-10,206302.4451321683,138752.44519343576
2012-11-11,216619.99931982267,153449.42071136355
2012-11-12,214094.17191270756,139220.1635874728
2012-11-13,191624.2989397475,155238.56464075376
2012-11-14,221997.80600226767,167485.62450702966
2012-11-15,220901.84234373082,161841.36057639561
2012-11-16,238744.3729849047,181225.24275868305
2012-11-17,248183.93936372633,164485.74674945386
2012-11-18,246682.12016853143,169705.79625522875
2012-11-19,240267.41743323696,176253.48812797616
2012-11-20,226662.17271590015,163616.98134678972
2012-11-21,218783.7663206195,170384.60760250772
2012-11-22,217705.13906508344,161737.22305051048
2012-11-23,221608.4287232998,177751.2808664364
2012-11-24,207054.86301523817,167090.28054590544
2012-11-25,189833.17690414103,165811.0857158544
2012-11-26,193716.98710648346,166381.277931708
2012-11-27,150849.34953934493,162514.9056140811
2012-11-28,229735.42548020912,167791.01106173472
2012-11-29,199804.13393357952,154128.48080828995
2012-11-30,212639.46914363294,183245.00363604608
2012-12-01,204228.50745967578,174566.73715772876
2012-12-02,201729.04596257716,169335.6180705536
2012-12-03,225615.60883589459,157068.71951051976
2012-12-04,208734.94351574456,173190.20958961963
2012-12-05,216347.78358621255,171457.43905830756
2012-12-06,211944.20554067267,161516.33046288174
2012-12-07,216768.66540235048,169250.62230857598
2012-12-08,212400.34524509593,167031.61400575476
2012-12-09,198480.43150702643,148404.85228483277
2012-12-10,220991.38632604788,170144.52961987306
2012-12-11,205845.83411334283,174615.42019860802
2012-12-12,195005.12414197586,160055.12123963432
2012-12-13,206107.06889993086,165880.4224416993
2012-12-14,225240.00041135182,169396.67532170776
2012-12-15,218603.14622339123,162925.46059224283
2012-12-16,244513.4786559214,170404.88089516936
2012-12-17,243733.32698616796,175150.0897918538
2012-12-18,241525.46779353023,168811.96393841377
2012-12-19,261428.15961060632,167664.6867848948
2012-12-20,238984.57877666986,161932.54295859844
2012-12-21,232800.4164719107,166768.13937135204
2012-12-22,231263.51431531634,164210.97423191497
2012-12-23,215269.03012097126,183251.35977098357
2012-12-24,202028.44001108682,173468.20197732642
2012-12-25,194575.82173415233,180382.91478689696
2012-12-26,188283.98740585937,179865.90436745255
2012-12-27,181962.55338054727,159855.61843245133
2012-12-28,228524.06391285788,182769.15896045126
2012-12-29,220720.7305794335,168645.84431669916
2012-12-30,226590.27932982004,173345.59067685547
2012-12-31,217618.04060485138,164777.76406482983
2013-01-01,218462.21262294715,169069.78872840616
2013-01-02,197025.33411678832,160335.50729034306
2013-01-03,225575.2322758883,176488.44107496706
2013-01-04,219347.62952788532,169327.1175313888
2013-01-05,225393.51242806105,171608.31353872013
2013-01-06,186035.70334818237,164491.0351620597
2013-01-07,235515.87338230063,169704.00922493046
2013-01-08,212914.4574673604,168882.03228060747
2013-01-09,225110.54629895167,186047.44482076948
2013-01-10,203384.34067370064,178977.66562187098
2013-01-11,219698.68217919907,189461.56939855387
2013-01-12,202854.06487785344,197387.4993764162
2013-01-13,206994.71289805067,185345.14313178556
2013-01-14,232241.24234092416,202594.03000322735
2013-01-15,249093.17599236654,189202.84273300756
2013-01-16,252400.23276114947,194607.51004713675
2013-01-17,256442.4956125916,190923.4231074589
2013-01-18,248617.49865472395,181143.07715219818
2013-01-19,239669.4133057901,188397.60001842678
2013-01-20,235149.61002466225,181526.04613478732
2013-01-21,247994.83562738064,185649.3262553138
2013-01-22,215304.9505603703,188196.78175096074
2013-01-23,209629.85193644353,176063.42125947724
2013-01-24,210045.86418507822,189396.34353385965
2013-01-25,203055.25932957983,176472.76864268852
2013-01-26,197205.0788012495,170982.90682779936
2013-01-27,230635.0706967799,177585.612823196
2013-01-28,211771.22259405567,168315.04854799912
2013-01-29,238598.19388067522,166226.2385050324
2013-01-30,209961.75247575034,164027.0870536598
2013-01-31,223702.21537217655,188523.32146559333
2013-02-01,212464.58246191582,176669.14828513595
2013-02-02,218770.57206293356,173391.24916491928
2013-02-03,222170.3688719402,172307.50158453488
2013-02-04,221626.98348396725,171603.72026553727
2013-02-05,222217.46467247212,174667.6912749044
2013-02-06,233769.23902507985,166749.48916406673
2013-02-07,221845.69676405194,164643.09106984967
2013-02-08,214587.15177867,153148.38222964728
2013-02-09,226424.2716278395,155627.75739507098
2013-02-10,228465.64801781977,163037.24758195964
2013-02-11,204112.14235822007,148996.31173033515
2013-02-12,222206.40320350727,164329.24831856828
2013-02-13,223112.6562253653,156936.09974226085
2013-02-14,251024.36496640008,153796.60845940682
2013-02-15,266982.9721624684,190222.732963505
2013-02-16,249241.26243537877,171219.53063682033
2013-02-17,247916.44430971332,178239.3768773514
2013-02-18,239434.50601151565,174795.45147787657
2013-02-19,234655.79047581466,190283.75388282482
2013-02-20,215997.92890604588,171812.0823359149
2013-02-21,204480.6297047632,177243.87080101337
2013-02-22,226563.91210154357,173171.86315901167
2013-02-23,194069.7067418188,181220.61540253105
2013-02-24,185086.07650543694,183444.92822488226
2013-02-25,166800.87460960855,166350.0505869188
2013-02-26,220858.15099959305,174042.44092548234
2013-02-27,212970.37378728553,178868.3709477411
2013-02-28,241684.03015902796,180957.88247419786
2013-03-01,234523.37729936355,174374.6107925377
2013-03-02,216794.357268009,177087.29033067886
2013-03-03,245531.69901555247,183076.575988325
2013-03-04,232229.61039877942,184054.93944618292
2013-03-05,218634.43093381918,160095.0884673004
2013-03-06,196419.35418072878,175920.14704708892
2013-03-07,243907.6828560267,173211.17431886026
2013-03-08,206736.40166685742,178308.40864206897
2013-03-09,203856.36627934323,181589.75407753626
2013-03-10,230254.4224516729,170960.2052094021
2013-03-11,244180.92400834867,174573.84378202725
2013-03-12,233413.67131367855,177727.45059932861
2013-03-13,225027.3117101136,181040.2544504633
2013-03-14,225179.94592166157,171281.81603654288
2013-03-15,227635.08439005938,176477.3228523936
2013-03-16,264589.28589786764,167939.00814483152
2013-03-17,259037.818269046,176742.74428285804
2013-03-18,254783.8293452228,177350.50605162053
2013-03-19,249034.74849600266,167696.72797841884
2013-03-20,236625.57836568757,184549.01430636505
2013-03-21,234693.24923133227,181449.92791691743
2013-03-22,213031.11163304406,169992.6978714961
2013-03-23,220897.74226275863,178864.97030892334
2013-03-24,203732.95039778468,178874.97056308718
2013-03-25,194503.4270528444,163351.13908341064
2013-03-26,199798.9415115348,173613.72722214906
2013-03-27,205254.79860909167,179145.92930755616
2013-03-28,239430.9345365112,165692.88699949533
2013-03-29,213496.26568512875,173206.84769209498
2013-03-30,218367.59719196087,181478.06863602184
2013-03-31,236832.91828581935,180174.56937336267
2013-04-01,216850.98678440313,167338.63740304412
2013-04-02,223761.00946213913,185489.83771042264
2013-04-03,230912.47651910898,181316.31499825147
2013-04-04,215199.30022026904,181831.9241446842
2013-04-05,225467.16639092413,194582.48146034157
2013-04-06,210658.00218093724,175917.8146654281
2013-04-07,217618.44989498123,184823.4291685451
2013-04-08,226508.1730903375,166160.16572503583
2013-04-09,207098.7807962598,182117.88991039366
2013-04-10,227188.14732455995,195348.6579074019
2013-04-11,222374.56513930653,202404.66051598816
2013-04-12,227913.12005376146,193921.20250166857
2013-04-13,224471.5438456553,184816.39404376686
2013-04-14,235742.33310199474,193064.95732224747
2013-04-15,261252.24502647907,199376.92775893598
2013-04-16,254931.8486180997,181193.3128327345
2013-04-17,257964.7933360269,197170.90607372625
2013-04-18,258093.6600653618,191246.20195212972
2013-04-19,247653.8249576114,188165.44965191616
2013-04-20,240905.9169120388,196211.05410263126
2013-04-21,225940.76289693033,188758.93840714026
2013-04-22,218252.12935519667,187758.18964415533
2013-04-23,202592.80875129692,187402.16021374753
2013-04-24,226035.0876568715,182375.9101656399
2013-04-25,188561.36764608714,191769.44913660045
2013-04-26,187405.7237676866,174808.31742240372
2013-04-27,226063.6958207961,188573.4988025567
2013-04-28,241150.51549080492,190506.88935950567
2013-04-29,228314.381774744,192285.64038146043
2013-04-30,242902.62713267453,186861.84155198
2013-05-01,222940.95447734755,191747.62492809392
2013-05-02,231797.2825843474,171803.6493028567
2013-05-03,220058.4849962659,177431.64313059318
2013-05-04,249334.23604663927,172629.55446504548
2013-05-05,215537.4271391694,163576.47820773083
2013-05-06,230096.46423238955,179655.4144971319
2013-05-07,232969.89514381436,180749.70457810958
2013-05-08,230448.34472342712,173151.15669082364
2013-05-09,224175.8415427994,181064.4548596629
2013-05-10,224485.1929476217,169522.56725246983
2013-05-11,226009.05784836446,166849.98135802615
2013-05-12,223918.2004933051,172966.88994329298
2013-05-13,234871.1936729578,170477.59962807473
2013-05-14,247206.15881816982,173937.66977375682
2013-05-15,257425.08214992165,160787.89298339078
2013-05-16,248527.87423356145,154042.32394021776
2013-05-17,258858.9978221915,157392.58407865738
2013-05-18,281457.77315154107,178089.6870376765
2013-05-19,242128.47857465703,188389.50593782973
2013-05-20,259891.16805444067,191217.44166078581
2013-05-21,252737.6879157623,192991.2345604965
2013-05-22,222345.2561136262,179310.95484441554
2013-05-23,225308.6922611466,182424.45869482248
2013-05-24,227823.2864562875,179958.40796719946
2013-05-25,200208.72259012514,188057.93448057093
2013-05-26,195298.97214462206,186581.45675716494
2013-05-27,230430.95933700164,187593.30384030912
2013-05-28,225053.70441443185,178917.28014783084
2013-05-29,227771.1031070042,177115.41642272632
2013-05-30,221185.80373831463,182973.80046538205
2013-05-31,233016.69540237848,176756.55397230247
2013-06-01,224307.60865152298,196592.66337464208
2013-06-02,233749.81464677094,188247.90571866743
2013-06-03,215323.78830686913,175498.4932894695
2013-06-04,233722.21365160908,193087.98207217318
2013-06-05,238333.54674620854,182754.87113368954
2013-06-06,209694.7699087788,185207.5881128589
2013-06-07,233050.91944738786,192079.01290170287
2013-06-08,241305.40805630942,187837.6480006422
2013-06-09,216686.9897580439,180856.7182588353
2013-06-10,245296.6669969504,187821.63078852202
2013-06-11,232578.41060325046,173062.36382340887
2013-06-12,221182.2839474246,174503.74695596332
2013-06-13,227543.23802567922,188895.47112549323
2013-06-14,271583.2691252172,183962.52935191809
2013-06-15,265985.9579434763,177364.8399186283
2013-06-16,268129.3782301677,185342.84769820113
2013-06-17,249453.94384420424,187891.65939847234
2013-06-18,254858.8324947151,176922.0361033736
2013-06-19,232362.8550309502,192001.24794046333
2013-06-20,237848.4191615109,193003.3824012774
2013-06-21,221842.06211605825,188869.35513310746
2013-06-22,215263.5620433962,175899.43059740518
2013-06-23,226900.25197710647,186204.58354379793
2013-06-24,217913.1012059427,192302.023452372
2013-06-25,206426.15695471747,179765.4703862532
2013-06-26,228324.64082976227,178905.8876135985
2013-06-27,235037.18722441248,177011.5587564694
2013-06-28,249394.8555574561,178286.5883072988
2013-06-29,237842.37554233626,180426.27039511883
2013-06-30,258869.15611960317,189157.5971870673
2013-07-01,238940.51935605312,192932.313727532
2013-07-02,236332.44669376378,174990.9479470844
2013-07-03,230791.58012688038,189098.3691693536
2013-07-04,234748.82037728734,190311.04821353545
2013-07-05,231473.55876631383,190217.1735668716
2013-07-06,239713.21310137928,193112.36027711636
2013-07-07,241877.376916858,176182.96193656392
2013-07-08,224168.823526497,177393.12551771768
2013-07-09,218471.07040937815,192767.0981565328
2013-07-10,213208.8893975404,193025.08319387332
2013-07-11,236468.13377871545,172704.42028915114
2013-07-12,220198.73644326997,198006.31274702138
2013-07-13,209572.02287273147,210946.82922018747
2013-07-14,272885.7860453096,204352.8323288157
2013-07-15,293155.89920368016,210463.31625571699
2013-07-16,265681.1091903051,204823.45084459917
2013-07-17,270045.5875195143,208640.62093445624
2013-07-18,256983.51783983,195001.5040487778
2013-07-19,248511.10346808858,197248.49998632088
2013-07-20,251151.44460487558,197319.78983919803
2013-07-21,230978.39308881963,204345.91583292963
2013-07-22,228292.7846100129,205769.9144860719
2013-07-23,220756.29828696224,201903.7569310165
2013-07-24,203319.0954635695,196028.47071781024
2013-07-25,213255.1992410109,198356.04145564037
2013-07-26,240498.17090953398,195625.15249523506
2013-07-27,233643.82012643205,196489.74165173652
2013-07-28,245628.9769933683,197790.31931265874
2013-07-29,230440.52658802684,195580.4340183251
2013-07-30,238957.67229347752,192015.5808102667
2013-07-31,237916.15099566735,181688.61766490273
2013-08-01,248270.91118717924,183477.50048381175
2013-08-02,241629.72709770492,186624.01292757154
2013-08-03,236163.14174201307,176370.4487765181
2013-08-04,244175.92012212216,194096.7906391974
2013-08-05,249534.2018246665,187081.63019535525
2013-08-06,240888.45681243076,197284.08004966812
2013-08-07,235132.2443300103,189535.3974871943
2013-08-08,221665.03762145436,183668.33133992244
2013-08-09,223919.80649781963,185179.2565069871
2013-08-10,231335.97346604333,188721.52099898856
2013-08-11,228137.28048341587,174610.51484714122
2013-08-12,232231.21577240183,178935.00502222456
2013-08-13,272566.49924897106,175291.29096356066
2013-08-14,276522.83157291956,175980.85443859658
2013-08-15,268036.83052511315,175477.55725567153
2013-08-16,269525.6962132599,175209.37066179918
2013-08-17,259809.96840245553,179069.88492652922
2013-08-18,232745.3343364613,206755.80672167227
2013-08-19,235567.32583681037,191336.96446478015
2013-08-20,235440.26297349,186405.60428041525
2013-08-21,216521.91404088278,190088.8615499848
2013-08-22,226538.60752496414,200036.99819106754
2013-08-23,228307.50832343698,192479.05728101742
2013-08-24,218522.39426261885,182879.74895058206
2013-08-25,243113.339767186,196480.1208310553
2013-08-26,259108.53308986002,190379.3447407975
2013-08-27,244750.55312968537,189603.3103823184
2013-08-28,239054.34669475682,191158.04516787946
2013-08-29,235541.83408437684,186598.28573104786
2013-08-30,237982.6440972281,190613.2423659946
2013-08-31,236530.1873434512,197454.55346378972
2013-09-01,241586.90699266028,207682.9976206372
2013-09-02,241019.15113996316,205253.29998564706
2013-09-03,239028.71733165343,180613.29156067272
2013-09-04,243001.50803195688,192501.7018189993
2013-09-05,250216.81649677554,198957.51031198952
2013-09-06,247524.25948598972,199704.33826789047
2013-09-07,222934.4202604569,189695.58683834824
2013-09-08,212031.7317795538,188186.089976657
2013-09-09,246731.41962198273,203151.47848496438
2013-09-10,223563.6155208545,201342.24025421432
2013-09-11,234853.27478332946,187434.4835756222
2013-09-12,263298.8697394064,196090.23232171504
2013-09-13,256206.09965355205,194464.34613871883
2013-09-14,277156.4455877519,192023.51983406456
2013-09-15,275252.2313780243,198570.75724314642
2013-09-16,256400.12024708712,195550.43894731865
2013-09-17,229589.5770785509,184100.7078453485
2013-09-18,242498.23529247308,181374.18889363477
2013-09-19,243799.17858473162,200008.73073674086
2013-09-20,216829.74578155257,188329.45866373036
2013-09-21,225372.91942279367,197348.2411229366
2013-09-22,215846.90150827004,194644.16023686214
2013-09-23,215127.69074165658,210000.76194637257
2013-09-24,249443.5721606296,190162.21243644162
2013-09-25,237470.58231254495,196917.27360643807
2013-09-26,258229.59357430917,198349.7848398474
2013-09-27,243839.91067566752,191952.87894676806
2013-09-28,244402.8153246869,194389.99729286775
2013-09-29,234674.6613713774,189936.0495362165
2013-09-30,238979.13301694836,190555.78064699986
2013-10-01,234034.7176286364,192268.66606798812
2013-10-02,240683.95073023028,196747.0892873107
2013-10-03,259115.34193154273,200419.8418939543
2013-10-04,227913.1149051798,183694.2730429968
2013-10-05,225174.73977014472,199840.6703752637
2013-10-06,255740.42140651259,196744.74397332576
2013-10-07,238690.1631734373,200052.0356244001
2013-10-08,233880.21574197419,186292.91205724445
2013-10-09,250787.26738355076,185212.2871599606
2013-10-10,234176.24710764005,192399.79702090524
2013-10-11,258361.02593772567,187409.78297474483
2013-10-12,284779.2587133927,209845.05180200748
2013-10-13,272346.7899478952,211387.398046915
2013-10-14,296314.90043835907,224463.3280307402
2013-10-15,264603.5305449645,218802.4188021867
2013-10-16,272586.1779744474,214652.55201645358
2013-10-17,261492.92580406493,199691.9570338049
2013-10-18,263978.0926689859,224863.7532595178
2013-10-19,258496.25049797466,195696.71614007172
2013-10-20,234938.90295995152,206315.86005000156
2013-10-21,219005.14152154027,214500.6426742063
2013-10-22,223599.72142939115,226376.96365888792
2013-10-23,205557.62204812464,212533.79672271834
2013-10-24,271381.6409517543,203957.47718919773
2013-10-25,251566.62503218788,198529.21132350148
2013-10-26,245610.66304454318,218057.67975791154
2013-10-27,250272.0094645863,200508.38676682056
2013-10-28,234204.59782448926,217047.19010095202
2013-10-29,237291.20057700286,207335.63596779454
2013-10-30,258416.09460830773,202268.36449379346
2013-10-31,239313.80197919143,204190.78045266258
2013-11-01,234944.30150264513,206885.77418914542
2013-11-02,250364.78465539214,201874.63710574372
2013-11-03,256489.16788112334,182017.73372384673
2013-11-04,251499.8868555628,202497.334214125
2013-11-05,253989.19498963465,175515.689791525
2013-11-06,236215.44905926133,192978.85353683066
2013-11-07,229352.83646115492,183498.4551441221
2013-11-08,258401.55702914487,184363.4769419737
2013-11-09,240005.60411658735,182778.85001096205
2013-11-10,240592.5986377058,183206.34466993329
2013-11-11,294281.9414184906,186878.83786670087
2013-11-12,285788.2041233588,180328.79092251035
2013-11-13,282300.6960265201,187179.92909858451
2013-11-14,295310.7032240087,178821.17808893093
2013-11-15,261730.04195055287,160257.94278854714
2013-11-16,270778.4012808124,169235.39764877936
2013-11-17,254530.81102396874,173573.8683927616
2013-11-18,248567.0613193387,196022.75476624497
2013-11-19,252903.5457334192,194160.6109664566
2013-11-20,234617.67778789834,196746.38874162378
2013-11-21,227382.96079049632,204116.10228383812
2013-11-22,226059.8491187437,200519.74163242584
2013-11-23,250598.24118105922,209637.1687491161
2013-11-24,244809.17504797044,198447.92210276675
2013-11-25,241815.7866174539,192177.2840217263
2013-11-26,231761.6405121772,201037.89931314206
2013-11-27,271237.93201918947,200522.73129192463
2013-11-28,238975.25730489256,207433.1462217464
2013-11-29,247199.41929300575,197162.51948004944
2013-11-30,246114.6117700162,208896.72837532958
2013-12-01,251487.47830755552,190256.76189810192
2013-12-02,256155.62925551223,197545.33505161275
2013-12-03,256236.8612180908,201235.68660268866
2013-12-04,241479.57936322276,218583.3827177362
2013-12-05,245357.50099371237,206403.84691910556
2013-12-06,249609.19944983895,189468.73031369847
2013-12-07,244084.03186673787,205053.19360999766
2013-12-08,262461.6762697899,212571.89376185503
2013-12-09,251142.15202139123,196365.28263043202
2013-12-10,253449.70666275447,202932.99931003462
